booking_id,booking_date,customer_age,gender,city_of_origin,destination,trip_type,num_travelers,duration_days,total_amount,payment_mode,booking_channel,target_repeat_booking
BKG1000,2024-07-21,56.0,Female,Bangalore,Kerala,Adventure,2,14,16640.0,Card,TravelAgent,1
BKG1001,2025-02-22,69.0,Male,Mumbai,Leh,Leisure,4,8,23971.0,Card,MobileApp,0
BKG1002,2025-09-12,46.0,Male,Hyderabad,Leh,Business,2,7,32982.0,Wallet,Website,0
BKG1003,2024-02-29,32.0,Female,Hyderabad,Manali,Leisure,3,13,23041.0,NetBanking,TravelAgent,0
BKG1004,2025-06-07,60.0,Male,Chennai,Manali,Adventure,3,9,19298.0,UPI,Website,0
BKG1005,2024-04-25,25.0,Male,Delhi,Delhi,Leisure,4,9,31184.0,Wallet,TravelAgent,1
BKG1006,2025-07-02,38.0,Female,Mumbai,Delhi,Leisure,5,7,38358.0,NetBanking,MobileApp,1
BKG1007,2025-05-31,56.0,Male,Delhi,Agra,Business,4,13,23591.0,NetBanking,Website,0
BKG1008,2024-03-09,36.0,Male,Mumbai,Darjeeling,Leisure,2,12,23314.0,UPI,MobileApp,1
BKG1009,2023-10-26,,Male,,Agra,Leisure,4,11,,Wallet,MobileApp,1
BKG1010,2024-01-09,28.0,Female,Chennai,Goa,Leisure,1,4,22040.0,NetBanking,MobileApp,0
BKG1011,2024-07-04,28.0,Female,Hyderabad,Jaipur,Leisure,2,4,35836.0,NetBanking,TravelAgent,0
BKG1012,2024-01-09,41.0,Female,Delhi,Delhi,Leisure,2,2,25810.0,NetBanking,MobileApp,0
BKG1013,2024-12-30,53.0,Male,Pune,Manali,Leisure,5,8,16950.0,UPI,MobileApp,1
BKG1014,2025-08-31,57.0,Male,Hyderabad,Kerala,Leisure,3,6,27623.0,Wallet,MobileApp,1
BKG1015,2024-07-26,41.0,Female,Delhi,Manali,Leisure,2,5,35511.0,Wallet,MobileApp,0
BKG1016,2024-12-19,20.0,Male,Hyderabad,Jaipur,Business,3,11,19381.0,Wallet,Website,1
BKG1017,2025-03-16,39.0,Male,Pune,Agra,Leisure,4,5,11713.0,Wallet,MobileApp,0
BKG1018,2024-09-17,19.0,Female,Bangalore,Manali,Leisure,1,5,46908.0,Card,Website,0
BKG1019,2024-12-05,41.0,Female,Bangalore,Darjeeling,Leisure,5,7,11214.0,Card,MobileApp,0
BKG1020,2023-09-29,61.0,Male,Bangalore,Goa,Leisure,3,9,21409.0,Wallet,MobileApp,0
BKG1021,2024-07-06,47.0,Male,Bangalore,Jaipur,Business,2,9,27321.0,UPI,MobileApp,0
BKG1022,2025-03-30,55.0,Male,Mumbai,Agra,Leisure,3,6,22275.0,Card,MobileApp,0
BKG1023,2025-03-18,19.0,Female,Bangalore,Darjeeling,Leisure,2,7,24250.0,NetBanking,MobileApp,0
BKG1024,2024-05-19,38.0,Female,Pune,Kerala,Business,3,5,30768.0,Card,Website,0
BKG1025,2024-07-13,50.0,Female,Chennai,Agra,Business,2,13,1082.0,NetBanking,MobileApp,0
BKG1026,2024-10-30,29.0,Female,Chennai,Leh,Leisure,4,12,12331.0,Wallet,Website,1
BKG1027,2024-09-03,39.0,Male,Mumbai,Darjeeling,Business,2,14,25442.0,Card,Website,0
BKG1028,2025-08-26,61.0,Female,Bangalore,Darjeeling,Adventure,2,10,20957.0,UPI,Website,1
BKG1029,2024-04-25,42.0,Female,Bangalore,Goa,Leisure,1,9,26294.0,Card,MobileApp,0
BKG1030,2025-04-12,,Female,,Jaipur,Business,2,11,,Card,MobileApp,0
BKG1031,2024-03-28,44.0,Female,Hyderabad,Kerala,Business,1,13,3840.0,Card,MobileApp,1
BKG1032,2024-05-23,59.0,Female,Delhi,Goa,Leisure,5,11,37736.0,Wallet,Website,0
BKG1033,2024-06-24,45.0,Male,Hyderabad,Agra,Leisure,1,2,20017.0,UPI,Website,0
BKG1034,2024-09-18,33.0,Male,Delhi,Goa,Leisure,4,3,16344.0,Card,Website,1
BKG1035,2025-04-12,32.0,Female,Bangalore,Darjeeling,Adventure,1,10,27083.0,UPI,Website,0
BKG1036,2025-03-24,64.0,Male,Bangalore,Jaipur,Adventure,5,9,26071.0,Wallet,MobileApp,0
BKG1037,2023-12-16,68.0,Female,Hyderabad,Delhi,Business,4,4,36966.0,NetBanking,Website,0
BKG1038,2024-05-01,61.0,Female,Hyderabad,Goa,Leisure,3,9,27718.0,Card,Website,0
BKG1039,2023-12-28,69.0,Male,Delhi,Leh,Business,3,13,36581.0,UPI,Website,0
BKG1040,2025-07-25,20.0,Male,Chennai,Goa,Leisure,1,2,15618.0,UPI,Website,0
BKG1041,2024-11-11,54.0,Female,Delhi,Agra,Leisure,1,11,26418.0,Wallet,Website,1
BKG1042,2023-09-19,68.0,Female,Hyderabad,Agra,Leisure,5,5,13852.0,Card,Website,1
BKG1043,2023-09-29,24.0,Female,Pune,Kerala,Business,5,4,25976.0,NetBanking,MobileApp,1
BKG1044,2025-06-15,38.0,Male,Hyderabad,Agra,Leisure,2,7,23857.0,UPI,MobileApp,0
BKG1045,2025-09-15,26.0,Female,Pune,Manali,Business,5,8,23427.0,Card,MobileApp,1
BKG1046,2024-08-18,56.0,Female,Mumbai,Jaipur,Leisure,2,5,23514.0,NetBanking,TravelAgent,0
BKG1047,2024-04-01,35.0,Female,Hyderabad,Jaipur,Leisure,4,8,32363.0,UPI,Website,1
BKG1048,2025-05-23,21.0,Male,Mumbai,Delhi,Leisure,1,10,8926.0,UPI,MobileApp,1
BKG1049,2025-02-16,42.0,Female,Chennai,Delhi,Leisure,4,12,16002.0,NetBanking,TravelAgent,1
BKG1050,2024-12-06,31.0,Female,Delhi,Jaipur,Adventure,5,3,24594.0,NetBanking,Website,0
BKG1051,2025-07-08,67.0,Male,Pune,Leh,Leisure,4,12,13213.0,Wallet,TravelAgent,0
BKG1052,2025-04-01,26.0,Female,Delhi,Delhi,Adventure,4,4,25461.0,Card,Website,0
BKG1053,2024-02-07,43.0,Female,Mumbai,Kerala,Leisure,4,6,24491.0,Card,Website,1
BKG1054,2025-03-02,19.0,Male,Pune,Agra,Business,5,4,10962.0,Wallet,Website,0
BKG1055,2024-08-31,37.0,Female,Delhi,Jaipur,Leisure,4,12,10468.0,UPI,MobileApp,1
BKG1056,2025-05-21,45.0,Male,Hyderabad,Darjeeling,Business,2,9,-1237.0,NetBanking,MobileApp,0
BKG1057,2023-11-07,64.0,Male,Bangalore,Delhi,Business,5,13,12793.0,NetBanking,MobileApp,0
BKG1058,2025-06-04,24.0,Female,Mumbai,Jaipur,Leisure,4,11,25143.0,NetBanking,Website,0
BKG1059,2024-02-06,61.0,Female,Delhi,Manali,Leisure,5,9,26561.0,UPI,Website,0
BKG1060,2024-06-06,25.0,Female,Mumbai,Goa,Adventure,3,9,27018.0,NetBanking,Website,0
BKG1061,2025-03-13,64.0,Female,Mumbai,Agra,Adventure,2,13,200000.0,NetBanking,Website,0
BKG1062,2025-06-01,52.0,Male,Pune,Jaipur,Leisure,4,13,24816.0,Wallet,TravelAgent,1
BKG1063,2024-05-04,31.0,Female,Pune,Goa,Business,3,10,28972.0,UPI,Website,0
BKG1064,2023-11-08,34.0,Male,Bangalore,Delhi,Adventure,3,5,12319.0,Card,MobileApp,0
BKG1065,2025-05-23,53.0,Female,Hyderabad,Goa,Adventure,5,45,26233.0,Wallet,MobileApp,1
BKG1066,2024-01-21,67.0,Female,Mumbai,Agra,Adventure,3,6,31564.0,Wallet,Website,1
BKG1067,2025-07-15,57.0,Female,Delhi,Jaipur,Business,2,9,20092.0,Card,MobileApp,1
BKG1068,2025-09-07,,Male,,Manali,Leisure,2,8,,Wallet,Website,0
BKG1069,2023-11-12,19.0,Female,Mumbai,Leh,Leisure,1,10,20325.0,UPI,Website,1
BKG1070,2024-04-20,23.0,Female,Mumbai,Delhi,Leisure,2,9,16399.0,NetBanking,Website,1
BKG1071,2025-01-12,59.0,Female,Bangalore,Jaipur,Business,3,3,30568.0,UPI,MobileApp,0
BKG1072,2025-05-18,21.0,Female,Hyderabad,Agra,Business,2,11,45332.0,Card,Website,0
BKG1073,2024-03-23,,Male,,Delhi,Leisure,5,13,,Card,MobileApp,0
BKG1074,2025-08-05,35.0,Female,Pune,Kerala,Adventure,1,5,31349.0,Wallet,MobileApp,0
BKG1075,2024-01-06,43.0,Male,Pune,Goa,Business,3,7,19912.0,UPI,Website,1
BKG1076,2024-01-17,,Male,,Leh,Leisure,1,13,,UPI,MobileApp,0
BKG1077,2025-03-08,51.0,Male,Chennai,Agra,Leisure,3,3,26662.0,Card,MobileApp,1
BKG1078,2025-06-07,27.0,Male,Pune,Kerala,Leisure,5,8,28243.0,UPI,Website,0
BKG1079,2024-04-24,53.0,Male,Delhi,Darjeeling,Leisure,1,4,21420.0,Card,Website,0
BKG1080,2025-02-19,31.0,Male,Hyderabad,Jaipur,Leisure,4,14,31310.0,UPI,MobileApp,0
BKG1081,2025-05-26,48.0,Female,Delhi,Manali,Leisure,3,4,18459.0,UPI,Website,0
BKG1082,2024-03-21,65.0,Male,Pune,Delhi,Leisure,4,12,15979.0,UPI,MobileApp,1
BKG1083,2024-02-24,32.0,Male,Bangalore,Goa,Leisure,1,3,35606.0,Card,Website,1
BKG1084,2024-07-14,,Male,,Delhi,Leisure,4,12,,Wallet,Website,0
BKG1085,2024-01-17,31.0,Female,Bangalore,Leh,Leisure,4,9,18656.0,UPI,Website,0
BKG1086,2024-08-06,40.0,Female,Pune,Jaipur,Business,1,7,42188.0,Card,Website,0
BKG1087,2025-09-15,57.0,Male,Bangalore,Delhi,Leisure,5,2,22128.0,Card,MobileApp,1
BKG1088,2024-11-03,38.0,Female,Chennai,Goa,Adventure,4,13,25847.0,UPI,Website,0
BKG1089,2024-09-23,33.0,Male,Hyderabad,Jaipur,Adventure,4,2,24153.0,UPI,MobileApp,0
BKG1090,2025-03-22,62.0,Male,Delhi,Delhi,Leisure,5,8,30237.0,Wallet,MobileApp,0
BKG1091,2023-12-24,35.0,Female,Delhi,Manali,Leisure,4,9,27714.0,Card,MobileApp,1
BKG1092,2025-05-15,64.0,Male,Pune,Agra,Leisure,4,6,27579.0,Card,MobileApp,0
BKG1093,2024-11-17,41.0,Female,Bangalore,Jaipur,Leisure,4,13,14804.0,NetBanking,Website,0
BKG1094,2025-01-22,43.0,Female,Bangalore,Agra,Business,2,12,8114.0,Card,Website,1
BKG1095,2024-01-18,42.0,Male,Mumbai,Darjeeling,Leisure,5,6,36421.0,Wallet,MobileApp,0
BKG1096,2024-12-20,62.0,Male,Hyderabad,Jaipur,Leisure,4,5,19545.0,NetBanking,Website,0
BKG1097,2024-07-30,58.0,Female,Chennai,Manali,Leisure,5,7,24509.0,NetBanking,MobileApp,1
BKG1098,2023-10-27,46.0,Male,Delhi,Agra,Leisure,3,7,28267.0,NetBanking,Website,1
BKG1099,2024-05-09,32.0,Male,Mumbai,Kerala,Business,3,4,41290.0,UPI,MobileApp,0
BKG1100,2024-04-06,62.0,Male,Mumbai,Goa,Leisure,4,10,26613.0,UPI,MobileApp,0
BKG1101,2024-11-08,18.0,Female,Pune,Kerala,Leisure,5,13,21052.0,Card,MobileApp,0
BKG1102,2024-05-10,42.0,Female,Delhi,Delhi,Leisure,5,12,19764.0,NetBanking,MobileApp,1
BKG1103,2025-05-08,24.0,Male,Pune,Manali,Adventure,5,8,24626.0,Wallet,MobileApp,0
BKG1104,2025-03-17,,Female,,Kerala,Leisure,2,2,,UPI,MobileApp,1
BKG1105,2025-01-04,41.0,Female,Mumbai,Jaipur,Leisure,3,14,25288.0,Wallet,MobileApp,0
BKG1106,2025-07-17,18.0,Female,Mumbai,Delhi,Business,5,8,24479.0,Wallet,Website,0
BKG1107,2024-08-30,61.0,Female,Hyderabad,Delhi,Leisure,5,6,41415.0,UPI,Website,1
BKG1108,2023-12-26,25.0,Female,Chennai,Kerala,Adventure,2,6,24163.0,UPI,Website,1
BKG1109,2025-04-19,41.0,Male,Mumbai,Darjeeling,Business,2,14,5755.0,UPI,TravelAgent,0
BKG1110,2023-10-07,28.0,Male,Chennai,Kerala,Business,5,3,51735.0,UPI,Website,0
BKG1111,2024-06-27,68.0,Male,Delhi,Darjeeling,Business,1,5,34568.0,NetBanking,MobileApp,0
BKG1112,2024-05-02,34.0,Female,Bangalore,Manali,Adventure,5,13,45823.0,NetBanking,MobileApp,1
BKG1113,2024-12-19,25.0,Female,Mumbai,Goa,Adventure,5,7,13426.0,NetBanking,MobileApp,1
BKG1114,2024-10-18,52.0,Male,Hyderabad,Kerala,Business,2,11,22781.0,NetBanking,MobileApp,0
BKG1115,2024-10-17,52.0,Female,Delhi,Leh,Business,2,12,31744.0,Card,Website,1
BKG1116,2025-07-30,50.0,Male,Chennai,Darjeeling,Leisure,5,8,30363.0,NetBanking,MobileApp,0
BKG1117,2025-04-14,22.0,Male,Pune,Kerala,Leisure,5,12,28069.0,UPI,MobileApp,0
BKG1118,2025-01-14,59.0,Male,Delhi,Agra,Leisure,5,6,3003.0,Wallet,Website,0
BKG1119,2024-02-21,56.0,Female,Mumbai,Jaipur,Leisure,2,10,7875.0,NetBanking,Website,0
BKG1120,2025-03-09,58.0,Female,Chennai,Leh,Leisure,5,4,40175.0,Card,MobileApp,0
BKG1121,2025-04-29,45.0,Male,Bangalore,Leh,Leisure,5,2,41953.0,UPI,MobileApp,0
BKG1122,2024-07-05,24.0,Male,Delhi,Darjeeling,Leisure,4,5,23933.0,Wallet,Website,0
BKG1123,2024-11-02,26.0,Male,Mumbai,Agra,Business,1,10,38904.0,Wallet,MobileApp,1
BKG1124,2025-06-16,,Male,,Agra,Adventure,3,5,,NetBanking,MobileApp,0
BKG1125,2025-06-23,29.0,Female,Pune,Delhi,Leisure,1,3,17055.0,Wallet,Website,0
BKG1126,2025-03-26,51.0,Female,Chennai,Darjeeling,Leisure,4,11,13977.0,NetBanking,TravelAgent,0
BKG1127,2025-04-27,50.0,Male,Delhi,Goa,Adventure,3,6,16500.0,NetBanking,MobileApp,1
BKG1128,2024-03-30,65.0,Male,Delhi,Jaipur,Leisure,5,4,32226.0,UPI,MobileApp,0
BKG1129,2024-03-17,40.0,Female,Bangalore,Manali,Business,4,14,16376.0,UPI,MobileApp,0
BKG1130,2024-04-04,41.0,Female,Bangalore,Leh,Leisure,5,13,47397.0,Card,Website,1
BKG1131,2025-04-16,54.0,Male,Hyderabad,Manali,Leisure,2,14,29600.0,UPI,Website,0
BKG1132,2023-12-15,52.0,Male,Pune,Kerala,Adventure,4,10,35845.0,UPI,Website,0
BKG1133,2024-06-15,61.0,Male,Hyderabad,Kerala,Leisure,2,5,29899.0,NetBanking,Website,1
BKG1134,2025-01-28,57.0,Female,Mumbai,Manali,Business,4,7,37142.0,UPI,Website,0
BKG1135,2025-07-24,39.0,Female,Mumbai,Kerala,Business,4,3,16320.0,NetBanking,MobileApp,0
BKG1136,2025-02-09,44.0,Female,Hyderabad,Goa,Leisure,2,7,39469.0,NetBanking,MobileApp,0
BKG1137,2023-11-29,52.0,Male,Pune,Agra,Business,3,4,26409.0,UPI,MobileApp,0
BKG1138,2025-04-07,18.0,Male,Hyderabad,Kerala,Adventure,1,13,37092.0,Card,MobileApp,0
BKG1139,2025-04-12,52.0,Female,Pune,Delhi,Leisure,5,13,10604.0,Card,MobileApp,0
BKG1140,2024-04-26,54.0,Female,Pune,Kerala,Adventure,4,10,26805.0,Wallet,Website,0
BKG1141,2025-08-25,64.0,Male,Chennai,Jaipur,Leisure,5,12,26452.0,Wallet,Website,0
BKG1142,2025-09-15,31.0,Female,Pune,Goa,Business,2,3,18807.0,UPI,MobileApp,1
BKG1143,2023-10-17,20.0,Female,Bangalore,Jaipur,Business,5,13,28131.0,Card,MobileApp,0
BKG1144,2025-09-06,18.0,Male,Pune,Jaipur,Leisure,2,13,40396.0,NetBanking,Website,0
BKG1145,2024-03-02,22.0,Female,Pune,Delhi,Adventure,5,10,18038.0,Wallet,MobileApp,1
BKG1146,2024-11-01,43.0,Male,Pune,Goa,Adventure,1,6,34618.0,NetBanking,Website,1
BKG1147,2024-08-10,31.0,Male,Mumbai,Goa,Business,1,9,13725.0,Wallet,MobileApp,0
BKG1148,2023-11-07,56.0,Male,Bangalore,Darjeeling,Business,1,3,46094.0,UPI,MobileApp,1
BKG1149,2025-02-04,44.0,Male,Bangalore,Goa,Business,1,7,32846.0,Card,MobileApp,0
BKG1150,2025-06-08,26.0,Male,Hyderabad,Goa,Leisure,1,4,42251.0,Wallet,TravelAgent,0
BKG1151,2025-08-10,32.0,Male,Chennai,Goa,Business,1,13,31720.0,Card,MobileApp,1
BKG1152,2024-11-28,32.0,Male,Pune,Delhi,Leisure,2,13,28906.0,NetBanking,TravelAgent,0
BKG1153,2024-05-29,43.0,Female,Delhi,Kerala,Leisure,4,11,32929.0,UPI,TravelAgent,0
BKG1154,2024-02-01,59.0,Male,Chennai,Darjeeling,Business,5,6,23635.0,Card,MobileApp,0
BKG1155,2025-08-15,,Male,,Jaipur,Leisure,1,13,,UPI,MobileApp,0
BKG1156,2023-12-05,68.0,Female,Bangalore,Goa,Leisure,2,9,29473.0,Card,Website,0
BKG1157,2023-12-07,49.0,Female,Chennai,Leh,Leisure,2,11,17444.0,NetBanking,Website,1
BKG1158,2025-06-13,56.0,Female,Pune,Kerala,Leisure,2,2,13983.0,NetBanking,MobileApp,0
BKG1159,2025-07-16,66.0,Male,Pune,Kerala,Business,4,6,31362.0,UPI,Website,1
BKG1160,2024-10-07,69.0,Female,Mumbai,Jaipur,Leisure,5,4,22208.0,NetBanking,Website,0
BKG1161,2024-06-10,49.0,Male,Pune,Delhi,Business,4,5,35277.0,Wallet,TravelAgent,1
BKG1162,2025-07-21,21.0,Male,Pune,Manali,Leisure,3,3,17110.0,Card,MobileApp,1
BKG1163,2025-08-10,47.0,Male,Bangalore,Manali,Business,2,10,20291.0,NetBanking,MobileApp,1
BKG1164,2023-10-09,54.0,Male,Pune,Kerala,Leisure,3,4,36502.0,Wallet,Website,0
BKG1165,2025-08-30,40.0,Female,Mumbai,Agra,Leisure,1,3,27798.0,UPI,Website,0
BKG1166,2025-05-06,56.0,Female,Delhi,Agra,Business,1,11,10226.0,Wallet,Website,0
BKG1167,2024-02-20,62.0,Male,Bangalore,Jaipur,Adventure,4,12,27577.0,UPI,Website,1
BKG1168,2025-08-08,32.0,Male,Delhi,Manali,Leisure,5,10,39812.0,UPI,Website,1
BKG1169,2024-11-16,60.0,Male,Bangalore,Kerala,Leisure,3,8,20214.0,Card,Website,0
BKG1170,2025-05-01,46.0,Female,Hyderabad,Delhi,Leisure,5,7,30980.0,Card,TravelAgent,0
BKG1171,2025-04-24,53.0,Male,Chennai,Manali,Leisure,4,2,16506.0,Wallet,MobileApp,0
BKG1172,2024-07-08,30.0,Male,Hyderabad,Kerala,Business,1,6,23632.0,Card,Website,0
BKG1173,2024-08-14,49.0,Female,Pune,Kerala,Leisure,5,13,35898.0,Card,Website,0
BKG1174,2025-05-06,24.0,Female,Delhi,Goa,Leisure,5,12,27192.0,Card,MobileApp,1
BKG1175,2025-02-15,68.0,Male,Pune,Delhi,Leisure,1,12,37892.0,Wallet,Website,1
BKG1176,2023-10-12,39.0,Female,Chennai,Goa,Leisure,3,4,29253.0,NetBanking,TravelAgent,0
BKG1177,2024-04-02,45.0,Female,Bangalore,Jaipur,Leisure,1,2,47187.0,Card,Website,0
BKG1178,2025-04-27,19.0,Male,Chennai,Goa,Leisure,5,5,9350.0,Card,Website,0
BKG1179,2024-12-09,59.0,Female,Mumbai,Leh,Leisure,3,14,22828.0,Wallet,Website,0
BKG1180,2025-07-21,62.0,Male,Chennai,Goa,Leisure,3,3,14154.0,NetBanking,Website,0
BKG1181,2024-05-26,23.0,Female,Mumbai,Leh,Business,1,3,14837.0,Card,MobileApp,0
BKG1182,2024-10-24,45.0,Male,Chennai,Manali,Leisure,5,4,14928.0,UPI,MobileApp,1
BKG1183,2025-03-05,45.0,Male,Mumbai,Agra,Adventure,4,9,26677.0,Wallet,MobileApp,0
BKG1184,2023-12-19,61.0,Male,Delhi,Darjeeling,Leisure,5,9,27263.0,Card,Website,0
BKG1185,2025-09-02,61.0,Female,Pune,Darjeeling,Business,2,13,29274.0,Card,MobileApp,1
BKG1186,2025-05-22,37.0,Male,Pune,Kerala,Business,4,8,13769.0,UPI,MobileApp,1
BKG1187,2023-12-10,47.0,Female,Hyderabad,Darjeeling,Business,3,7,21757.0,UPI,MobileApp,0
BKG1188,2024-05-02,28.0,Male,Pune,Leh,Business,4,10,15357.0,Wallet,Website,0
BKG1189,2025-09-10,45.0,Male,Bangalore,Delhi,Leisure,3,5,34358.0,Wallet,Website,0
BKG1190,2023-10-22,42.0,Female,Chennai,Goa,Leisure,3,13,16297.0,UPI,MobileApp,1
BKG1191,2023-12-04,56.0,Male,Hyderabad,Leh,Leisure,4,2,22862.0,Wallet,MobileApp,1
BKG1192,2025-01-06,50.0,Male,Bangalore,Delhi,Leisure,3,9,30603.0,UPI,Website,1
BKG1193,2024-11-29,18.0,Female,Bangalore,Agra,Leisure,3,8,18843.0,Card,Website,0
BKG1194,2024-08-08,,Male,,Darjeeling,Leisure,2,8,,UPI,Website,1
BKG1195,2024-06-13,69.0,Male,Pune,Agra,Business,5,4,40960.0,UPI,MobileApp,0
BKG1196,2023-09-25,30.0,Male,Delhi,Darjeeling,Leisure,5,5,26897.0,NetBanking,Website,0
BKG1197,2024-10-31,58.0,Male,Delhi,Goa,Business,2,11,34016.0,UPI,TravelAgent,0
BKG1198,2024-08-18,20.0,Female,Hyderabad,Jaipur,Business,4,10,4265.0,UPI,MobileApp,0
BKG1199,2024-07-31,56.0,Female,Delhi,Goa,Adventure,1,7,20709.0,NetBanking,TravelAgent,0
BKG1200,2024-11-11,23.0,Male,Chennai,Manali,Leisure,1,6,26849.0,Wallet,MobileApp,1
BKG1201,2025-02-08,25.0,Female,Delhi,Leh,Leisure,1,4,14470.0,NetBanking,Website,1
BKG1202,2025-08-06,44.0,Male,Hyderabad,Kerala,Leisure,2,10,27076.0,Card,MobileApp,0
BKG1203,2025-01-08,26.0,Female,Delhi,Jaipur,Leisure,2,6,35599.0,NetBanking,Website,0
BKG1204,2025-03-29,54.0,Male,Chennai,Goa,Business,3,6,6204.0,Card,TravelAgent,0
BKG1205,2024-02-24,50.0,Male,Mumbai,Delhi,Leisure,1,5,13109.0,Wallet,MobileApp,0
BKG1206,2025-06-30,68.0,Male,Hyderabad,Jaipur,Business,4,5,26848.0,NetBanking,Website,0
BKG1207,2023-11-18,59.0,Male,Mumbai,Leh,Leisure,4,13,29604.0,NetBanking,MobileApp,1
BKG1208,2024-03-12,61.0,Male,Mumbai,Darjeeling,Business,1,2,32380.0,Wallet,TravelAgent,0
BKG1209,2025-02-22,41.0,Male,Mumbai,Jaipur,Business,1,8,26108.0,Card,Website,0
BKG1210,2024-07-14,32.0,Female,Bangalore,Darjeeling,Leisure,1,10,29615.0,NetBanking,MobileApp,0
BKG1211,2025-02-26,49.0,Male,Pune,Leh,Leisure,2,4,34034.0,Card,MobileApp,1
BKG1212,2024-11-21,49.0,Female,Bangalore,Goa,Leisure,2,13,20855.0,NetBanking,MobileApp,1
BKG1213,2023-12-26,41.0,Male,Pune,Leh,Leisure,2,14,18914.0,UPI,Website,1
BKG1214,2023-12-22,58.0,Female,Mumbai,Jaipur,Leisure,5,3,23314.0,NetBanking,Website,1
BKG1215,2025-08-21,69.0,Female,Hyderabad,Delhi,Leisure,4,4,26994.0,Wallet,Website,0
BKG1216,2024-01-04,66.0,Female,Pune,Agra,Leisure,4,2,18417.0,Wallet,MobileApp,0
BKG1217,2025-05-29,66.0,Male,Chennai,Jaipur,Leisure,3,7,21062.0,Card,Website,1
BKG1218,2023-12-02,69.0,Male,Chennai,Leh,Leisure,2,12,28977.0,NetBanking,TravelAgent,0
BKG1219,2025-08-25,29.0,Female,Delhi,Agra,Business,5,12,26577.0,Card,Website,0
BKG1220,2024-12-19,56.0,Male,Pune,Leh,Leisure,5,8,23146.0,Card,MobileApp,0
BKG1221,2025-07-25,19.0,Female,Hyderabad,Delhi,Business,4,12,7589.0,UPI,Website,0
BKG1222,2024-06-24,20.0,Male,Bangalore,Leh,Leisure,2,12,24964.0,UPI,Website,0
BKG1223,2024-01-21,66.0,Female,Mumbai,Goa,Leisure,3,3,15299.0,Wallet,Website,0
BKG1224,2024-09-19,54.0,Female,Delhi,Kerala,Adventure,2,9,34830.0,Card,Website,1
BKG1225,2023-12-05,66.0,Male,Chennai,Darjeeling,Leisure,1,7,21912.0,Wallet,MobileApp,0
BKG1226,2024-04-23,34.0,Female,Bangalore,Darjeeling,Leisure,2,5,15037.0,NetBanking,TravelAgent,0
BKG1227,2024-09-22,66.0,Male,Bangalore,Jaipur,Leisure,1,6,24384.0,Card,MobileApp,0
BKG1228,2025-05-28,19.0,Female,Mumbai,Kerala,Leisure,1,9,37706.0,Card,TravelAgent,0
BKG1229,2025-02-04,19.0,Female,Pune,Leh,Leisure,3,4,31308.0,NetBanking,MobileApp,0
BKG1230,2024-07-04,45.0,Male,Chennai,Delhi,Leisure,4,4,27199.0,NetBanking,MobileApp,0
BKG1231,2024-06-13,40.0,Male,Hyderabad,Jaipur,Adventure,2,12,11739.0,Wallet,MobileApp,0
BKG1232,2024-03-21,54.0,Male,Bangalore,Leh,Leisure,1,5,41216.0,Wallet,MobileApp,0
BKG1233,2024-06-28,49.0,Female,Mumbai,Agra,Leisure,2,2,18783.0,NetBanking,Website,0
BKG1234,2024-05-11,50.0,Male,Hyderabad,Manali,Leisure,4,10,34337.0,Wallet,MobileApp,0
BKG1235,2025-09-13,18.0,Female,Pune,Leh,Business,4,9,21746.0,NetBanking,Website,0
BKG1236,2024-05-16,36.0,Female,Chennai,Kerala,Leisure,5,9,33375.0,Card,MobileApp,0
BKG1237,2024-07-31,19.0,Male,Pune,Jaipur,Leisure,4,11,38068.0,Card,MobileApp,0
BKG1238,2024-01-25,61.0,Male,Bangalore,Kerala,Leisure,3,7,31481.0,UPI,Website,0
BKG1239,2024-05-30,43.0,Female,Hyderabad,Jaipur,Adventure,1,8,32558.0,Card,Website,0
BKG1240,2025-06-06,49.0,Female,Hyderabad,Leh,Leisure,5,7,24015.0,NetBanking,TravelAgent,0
BKG1241,2024-05-27,23.0,Male,Hyderabad,Goa,Leisure,3,10,20660.0,Wallet,MobileApp,0
BKG1242,2023-10-30,49.0,Male,Bangalore,Agra,Leisure,2,4,26382.0,UPI,Website,1
BKG1243,2025-09-14,21.0,Male,Bangalore,Leh,Business,1,4,21600.0,Wallet,MobileApp,1
BKG1244,2025-03-06,28.0,Male,Pune,Darjeeling,Leisure,4,4,49672.0,NetBanking,MobileApp,1
BKG1245,2024-10-07,34.0,Male,Delhi,Kerala,Leisure,1,11,15076.0,Card,MobileApp,1
BKG1246,2025-08-06,55.0,Female,Pune,Manali,Business,2,4,35020.0,UPI,TravelAgent,0
BKG1247,2024-09-19,41.0,Female,Chennai,Manali,Business,5,10,30171.0,NetBanking,MobileApp,1
BKG1248,2024-03-26,22.0,Female,Mumbai,Delhi,Leisure,5,13,27298.0,UPI,Website,0
BKG1249,2024-10-06,69.0,Female,Hyderabad,Jaipur,Adventure,5,5,39798.0,UPI,MobileApp,0
BKG1250,2024-01-21,51.0,Male,Delhi,Kerala,Leisure,4,14,27983.0,Card,MobileApp,0
BKG1251,2025-09-06,23.0,Male,Mumbai,Delhi,Leisure,3,8,18650.0,NetBanking,Website,0
BKG1252,2024-10-03,39.0,Male,Delhi,Kerala,Leisure,3,10,27917.0,Wallet,Website,1
BKG1253,2025-06-16,28.0,Female,Pune,Darjeeling,Adventure,1,12,23168.0,UPI,Website,0
BKG1254,2023-10-27,65.0,Female,Bangalore,Jaipur,Leisure,4,13,30032.0,UPI,MobileApp,1
BKG1255,2024-11-27,33.0,Male,Hyderabad,Leh,Leisure,5,8,33130.0,Wallet,MobileApp,0
BKG1256,2025-09-08,50.0,Male,Pune,Leh,Leisure,5,10,16409.0,NetBanking,MobileApp,0
BKG1257,2025-07-11,26.0,Female,Mumbai,Manali,Business,2,13,36953.0,UPI,TravelAgent,0
BKG1258,2025-04-23,23.0,Female,Mumbai,Leh,Leisure,2,4,22451.0,UPI,MobileApp,0
BKG1259,2025-07-05,33.0,Male,Mumbai,Leh,Leisure,5,5,29436.0,UPI,Website,1
BKG1260,2024-01-19,46.0,Male,Mumbai,Darjeeling,Leisure,5,9,31170.0,NetBanking,Website,0
BKG1261,2023-12-16,20.0,Female,Mumbai,Goa,Leisure,4,7,28673.0,NetBanking,Website,0
BKG1262,2025-05-24,37.0,Male,Delhi,Manali,Leisure,3,6,23908.0,Wallet,Website,1
BKG1263,2024-06-29,53.0,Male,Pune,Delhi,Business,2,14,20114.0,NetBanking,MobileApp,0
BKG1264,2025-02-11,36.0,Male,Hyderabad,Agra,Leisure,3,5,22310.0,NetBanking,MobileApp,1
BKG1265,2024-06-07,43.0,Female,Bangalore,Goa,Leisure,4,9,40651.0,Card,Website,0
BKG1266,2024-06-20,20.0,Female,Bangalore,Delhi,Business,5,2,16341.0,Wallet,MobileApp,0
BKG1267,2024-03-31,36.0,Female,Pune,Jaipur,Leisure,3,10,17807.0,UPI,MobileApp,0
BKG1268,2025-04-21,37.0,Female,Pune,Goa,Leisure,5,2,17368.0,NetBanking,Website,0
BKG1269,2025-05-04,49.0,Female,Bangalore,Darjeeling,Adventure,5,9,26357.0,UPI,Website,0
BKG1270,2023-11-26,24.0,Female,Bangalore,Delhi,Leisure,1,5,9752.0,UPI,Website,0
BKG1271,2024-07-06,69.0,Female,Delhi,Jaipur,Leisure,3,10,11464.0,Card,Website,1
BKG1272,2025-01-14,58.0,Male,Chennai,Manali,Leisure,3,12,22390.0,NetBanking,TravelAgent,1
BKG1273,2024-10-09,50.0,Male,Hyderabad,Agra,Leisure,5,6,12122.0,Wallet,Website,0
BKG1274,2023-12-24,57.0,Male,Mumbai,Jaipur,Leisure,4,4,12937.0,NetBanking,Website,0
BKG1275,2024-09-03,56.0,Male,Chennai,Leh,Leisure,1,10,12197.0,UPI,MobileApp,0
BKG1276,2024-09-27,35.0,Male,Pune,Kerala,Leisure,5,12,16533.0,Wallet,TravelAgent,0
BKG1277,2024-11-20,57.0,Male,Bangalore,Jaipur,Leisure,2,10,32312.0,NetBanking,Website,1
BKG1278,2024-06-28,18.0,Male,Chennai,Jaipur,Adventure,2,5,34557.0,UPI,Website,0
BKG1279,2025-04-17,28.0,Female,Hyderabad,Agra,Business,1,12,44190.0,UPI,Website,0
BKG1280,2025-03-13,,Female,,Kerala,Leisure,4,5,,Card,Website,0
BKG1281,2023-11-22,42.0,Male,Mumbai,Leh,Leisure,5,13,32863.0,Card,Website,1
BKG1282,2024-11-22,67.0,Male,Mumbai,Delhi,Business,3,9,35276.0,Card,MobileApp,0
BKG1283,2023-12-20,40.0,Female,Hyderabad,Delhi,Leisure,1,3,26311.0,UPI,Website,0
BKG1284,2025-07-23,48.0,Male,Hyderabad,Jaipur,Leisure,4,10,30198.0,NetBanking,Website,0
BKG1285,2023-11-04,47.0,Male,Bangalore,Darjeeling,Adventure,3,14,44436.0,Card,MobileApp,0
BKG1286,2023-11-02,59.0,Female,Mumbai,Darjeeling,Leisure,2,7,28712.0,NetBanking,Website,0
BKG1287,2024-07-07,52.0,Male,Pune,Kerala,Business,2,10,36532.0,Card,Website,0
BKG1288,2024-10-29,24.0,Female,Chennai,Kerala,Adventure,3,9,15656.0,Wallet,Website,1
BKG1289,2025-01-03,33.0,Male,Pune,Leh,Leisure,1,8,18337.0,Wallet,TravelAgent,0
BKG1290,2025-08-19,43.0,Female,Delhi,Agra,Leisure,2,14,28120.0,Card,Website,0
BKG1291,2025-07-09,65.0,Female,Delhi,Manali,Leisure,5,2,26499.0,UPI,MobileApp,1
BKG1292,2023-11-17,69.0,Female,Hyderabad,Delhi,Business,3,13,18800.0,Card,MobileApp,1
BKG1293,2024-12-13,66.0,Male,Bangalore,Agra,Adventure,3,4,49073.0,Card,Website,0
BKG1294,2025-03-02,19.0,Female,Delhi,Goa,Business,2,12,26725.0,UPI,TravelAgent,0
BKG1295,2025-02-06,18.0,Male,Mumbai,Delhi,Leisure,1,3,20572.0,Wallet,Website,0
BKG1296,2023-11-06,65.0,Male,Pune,Agra,Business,5,6,26516.0,NetBanking,Website,1
BKG1297,2024-08-01,29.0,Male,Pune,Delhi,Adventure,1,6,25254.0,Card,MobileApp,0
BKG1298,2025-02-21,22.0,Male,Hyderabad,Manali,Business,4,6,26878.0,UPI,MobileApp,0
BKG1299,2024-12-27,54.0,Female,Chennai,Goa,Adventure,4,5,9062.0,Card,MobileApp,0
BKG1300,2024-04-26,49.0,Female,Hyderabad,Darjeeling,Business,2,6,37919.0,UPI,Website,0
BKG1301,2024-12-05,26.0,Male,Chennai,Darjeeling,Business,2,4,38488.0,NetBanking,Website,0
BKG1302,2025-01-25,58.0,Male,Hyderabad,Manali,Leisure,2,13,39703.0,NetBanking,MobileApp,0
BKG1303,2025-08-04,52.0,Female,Hyderabad,Leh,Leisure,4,2,28254.0,Wallet,Website,0
BKG1304,2024-08-30,36.0,Male,Hyderabad,Goa,Leisure,1,6,31624.0,UPI,Website,0
BKG1305,2025-06-07,65.0,Female,Chennai,Jaipur,Business,1,14,16337.0,UPI,Website,0
BKG1306,2025-01-29,33.0,Male,Chennai,Agra,Leisure,2,10,33328.0,Wallet,Website,0
BKG1307,2025-08-13,20.0,Male,Hyderabad,Goa,Adventure,5,14,27517.0,Wallet,MobileApp,0
BKG1308,2025-02-01,37.0,Female,Delhi,Leh,Adventure,1,10,20395.0,UPI,Website,0
BKG1309,2025-02-07,41.0,Male,Bangalore,Leh,Business,4,5,33647.0,Wallet,TravelAgent,0
BKG1310,2024-05-19,50.0,Female,Bangalore,Manali,Leisure,3,4,34034.0,NetBanking,Website,1
BKG1311,2024-06-23,41.0,Male,Bangalore,Delhi,Leisure,3,2,25606.0,Card,MobileApp,1
BKG1312,2025-01-26,69.0,Male,Chennai,Goa,Leisure,3,3,29383.0,NetBanking,Website,1
BKG1313,2025-04-11,28.0,Male,Chennai,Agra,Business,5,9,14682.0,Wallet,Website,0
BKG1314,2024-03-17,66.0,Female,Delhi,Goa,Business,2,2,37431.0,UPI,Website,0
BKG1315,2025-09-11,25.0,Male,Bangalore,Kerala,Adventure,4,9,16011.0,UPI,Website,0
BKG1316,2023-12-15,,Male,,Delhi,Leisure,5,14,,NetBanking,MobileApp,0
BKG1317,2025-08-25,55.0,Male,Hyderabad,Agra,Adventure,4,8,25623.0,UPI,TravelAgent,0
BKG1318,2023-10-07,57.0,Male,Chennai,Darjeeling,Adventure,4,9,36145.0,Wallet,MobileApp,1
BKG1319,2024-02-16,37.0,Female,Bangalore,Agra,Leisure,2,13,36139.0,NetBanking,Website,0
BKG1320,2025-08-10,52.0,Female,Pune,Jaipur,Adventure,3,7,24951.0,UPI,Website,0
BKG1321,2025-03-13,65.0,Male,Delhi,Manali,Leisure,2,13,32730.0,Card,Website,1
BKG1322,2024-06-22,42.0,Female,Pune,Jaipur,Leisure,5,10,8109.0,Card,MobileApp,1
BKG1323,2025-06-12,52.0,Male,Pune,Agra,Business,5,4,17806.0,Wallet,MobileApp,1
BKG1324,2024-05-24,42.0,Male,Delhi,Delhi,Leisure,5,11,18010.0,UPI,TravelAgent,0
BKG1325,2025-09-03,46.0,Male,Pune,Goa,Business,2,5,37522.0,Wallet,Website,0
BKG1326,2024-08-05,35.0,Female,Bangalore,Darjeeling,Business,4,14,31546.0,NetBanking,MobileApp,0
BKG1327,2025-05-17,63.0,Female,Chennai,Goa,Leisure,4,7,26846.0,Card,Website,0
BKG1328,2024-03-22,35.0,Female,Delhi,Delhi,Leisure,1,9,27817.0,NetBanking,MobileApp,0
BKG1329,2025-03-27,19.0,Female,Hyderabad,Agra,Leisure,5,6,40683.0,UPI,MobileApp,0
BKG1330,2025-03-09,52.0,Female,Pune,Leh,Leisure,4,4,23298.0,Wallet,MobileApp,1
BKG1331,2024-07-24,33.0,Female,Delhi,Goa,Leisure,1,7,11859.0,Wallet,MobileApp,0
BKG1332,2024-03-10,58.0,Female,Mumbai,Leh,Leisure,4,5,35871.0,Wallet,Website,1
BKG1333,2024-05-30,53.0,Female,Mumbai,Goa,Leisure,5,10,26818.0,NetBanking,MobileApp,1
BKG1334,2024-12-26,50.0,Female,Chennai,Goa,Leisure,3,14,34536.0,Card,Website,0
BKG1335,2024-08-21,21.0,Male,Bangalore,Darjeeling,Leisure,5,4,24552.0,NetBanking,MobileApp,1
BKG1336,2025-04-03,50.0,Female,Chennai,Manali,Business,2,5,16613.0,NetBanking,Website,0
BKG1337,2025-03-13,31.0,Female,Chennai,Manali,Business,4,8,29028.0,UPI,MobileApp,0
BKG1338,2024-04-24,38.0,Female,Chennai,Kerala,Leisure,4,8,25101.0,UPI,TravelAgent,1
BKG1339,2024-11-30,65.0,Female,Chennai,Jaipur,Leisure,2,13,26849.0,UPI,MobileApp,0
BKG1340,2025-09-10,37.0,Female,Hyderabad,Delhi,Adventure,2,13,41165.0,Card,MobileApp,1
BKG1341,2023-11-03,25.0,Female,Hyderabad,Delhi,Business,3,5,14012.0,Card,MobileApp,0
BKG1342,2024-08-25,24.0,Female,Delhi,Delhi,Adventure,4,7,27859.0,UPI,MobileApp,0
BKG1343,2024-06-24,20.0,Female,Mumbai,Kerala,Business,4,13,16810.0,UPI,MobileApp,0
BKG1344,2025-05-01,34.0,Female,Chennai,Manali,Leisure,3,14,-905.0,Card,MobileApp,0
BKG1345,2023-10-24,50.0,Female,Delhi,Agra,Leisure,1,4,24510.0,Wallet,Website,0
BKG1346,2025-03-23,65.0,Female,Mumbai,Leh,Leisure,3,7,25310.0,Card,TravelAgent,0
BKG1347,2024-11-13,29.0,Male,Pune,Darjeeling,Leisure,5,13,31235.0,Card,TravelAgent,1
BKG1348,2025-01-03,68.0,Male,Bangalore,Leh,Leisure,4,3,22824.0,Card,MobileApp,1
BKG1349,2025-07-21,39.0,Female,Hyderabad,Agra,Leisure,2,9,10109.0,UPI,Website,0
BKG1350,2024-07-10,39.0,Female,Pune,Darjeeling,Leisure,5,3,16775.0,Wallet,Website,1
BKG1351,2025-03-16,63.0,Male,Mumbai,Kerala,Business,4,12,38169.0,Card,MobileApp,1
BKG1352,2024-05-26,47.0,Female,Pune,Agra,Business,3,8,16633.0,UPI,Website,1
BKG1353,2025-04-02,55.0,Male,Bangalore,Delhi,Leisure,5,10,40832.0,NetBanking,MobileApp,0
BKG1354,2024-03-07,55.0,Male,Mumbai,Jaipur,Business,4,2,35499.0,NetBanking,Website,0
BKG1355,2025-08-01,62.0,Male,Pune,Goa,Leisure,1,9,21822.0,Card,Website,1
BKG1356,2025-06-01,,Male,,Leh,Adventure,1,8,,NetBanking,TravelAgent,0
BKG1357,2024-06-14,25.0,Male,Hyderabad,Manali,Leisure,2,7,35479.0,Wallet,MobileApp,1
BKG1358,2025-06-17,44.0,Female,Delhi,Manali,Adventure,4,7,22590.0,NetBanking,MobileApp,0
BKG1359,2024-06-02,44.0,Male,Pune,Kerala,Business,1,7,9543.0,NetBanking,MobileApp,0
BKG1360,2025-01-26,51.0,Female,Chennai,Darjeeling,Leisure,3,10,30623.0,Wallet,Website,0
BKG1361,2024-07-21,,Female,,Manali,Leisure,4,3,,Card,MobileApp,0
BKG1362,2025-02-26,47.0,Male,Mumbai,Delhi,Leisure,3,2,36377.0,Card,Website,0
BKG1363,2025-03-27,50.0,Male,Mumbai,Leh,Leisure,3,14,28495.0,Wallet,TravelAgent,1
BKG1364,2024-06-16,45.0,Female,Pune,Agra,Leisure,1,13,19508.0,Wallet,MobileApp,0
BKG1365,2023-09-28,64.0,Male,Bangalore,Delhi,Business,4,7,37696.0,Wallet,Website,1
BKG1366,2024-09-30,50.0,Male,Hyderabad,Kerala,Leisure,5,11,38669.0,NetBanking,MobileApp,1
BKG1367,2024-07-17,22.0,Female,Mumbai,Delhi,Business,1,12,27332.0,Wallet,MobileApp,0
BKG1368,2024-10-21,65.0,Female,Hyderabad,Agra,Adventure,1,9,25603.0,UPI,Website,1
BKG1369,2024-12-25,36.0,Male,Mumbai,Jaipur,Leisure,4,4,11767.0,NetBanking,TravelAgent,1
BKG1370,2023-10-22,21.0,Female,Delhi,Kerala,Leisure,4,13,18924.0,Card,Website,1
BKG1371,2025-08-13,,Male,,Jaipur,Leisure,3,11,,Card,Website,1
BKG1372,2025-07-02,66.0,Male,Mumbai,Goa,Business,4,2,19427.0,Card,MobileApp,1
BKG1373,2023-11-10,34.0,Male,Hyderabad,Jaipur,Leisure,3,10,10431.0,NetBanking,MobileApp,0
BKG1374,2025-03-24,,Female,,Goa,Adventure,1,14,,UPI,MobileApp,0
BKG1375,2024-02-24,45.0,Female,Mumbai,Goa,Business,2,14,10365.0,Wallet,MobileApp,1
BKG1376,2025-04-24,47.0,Female,Bangalore,Jaipur,Leisure,5,2,47567.0,Wallet,MobileApp,0
BKG1377,2024-10-27,,Female,,Kerala,Leisure,1,4,,Card,MobileApp,0
BKG1378,2024-11-15,63.0,Female,Mumbai,Darjeeling,Adventure,4,9,24154.0,Card,Website,0
BKG1379,2025-08-24,23.0,Male,Delhi,Agra,Business,5,4,18277.0,NetBanking,Website,1
BKG1380,2024-02-07,52.0,Male,Bangalore,Delhi,Leisure,2,14,32828.0,UPI,Website,0
BKG1381,2024-06-02,58.0,Male,Pune,Delhi,Leisure,2,5,10602.0,Wallet,Website,1
BKG1382,2024-12-20,54.0,Male,Delhi,Agra,Business,3,9,6596.0,NetBanking,MobileApp,0
BKG1383,2024-07-07,41.0,Female,Delhi,Leh,Leisure,5,2,41101.0,Wallet,Website,0
BKG1384,2024-09-03,46.0,Male,Bangalore,Leh,Adventure,3,14,16960.0,Card,Website,0
BKG1385,2024-10-24,66.0,Female,Delhi,Goa,Leisure,1,14,32460.0,Wallet,Website,0
BKG1386,2025-06-29,63.0,Male,Bangalore,Goa,Leisure,5,7,14145.0,UPI,TravelAgent,1
BKG1387,2024-04-28,48.0,Female,Mumbai,Kerala,Business,1,2,32084.0,UPI,TravelAgent,1
BKG1388,2025-06-08,,Female,,Manali,Leisure,3,2,,Card,MobileApp,1
BKG1389,2024-04-08,50.0,Male,Bangalore,Jaipur,Leisure,5,9,19728.0,UPI,TravelAgent,0
BKG1390,2025-07-21,69.0,Male,Chennai,Goa,Leisure,3,12,5665.0,UPI,MobileApp,0
BKG1391,2024-01-15,38.0,Male,Bangalore,Delhi,Leisure,5,5,41887.0,NetBanking,MobileApp,1
BKG1392,2023-12-31,49.0,Male,Bangalore,Kerala,Business,3,13,34262.0,Wallet,Website,1
BKG1393,2024-03-19,40.0,Female,Pune,Jaipur,Leisure,2,2,20264.0,Card,MobileApp,0
BKG1394,2024-11-19,,Male,,Kerala,Leisure,3,11,,Card,MobileApp,0
BKG1395,2024-12-28,20.0,Male,Chennai,Jaipur,Business,2,8,13893.0,Card,MobileApp,0
BKG1396,2024-06-24,35.0,Female,Pune,Jaipur,Business,3,6,39202.0,Card,MobileApp,1
BKG1397,2025-05-12,42.0,Male,Hyderabad,Agra,Leisure,5,6,19652.0,Card,MobileApp,0
BKG1398,2023-12-16,59.0,Male,Mumbai,Goa,Leisure,5,2,10812.0,UPI,MobileApp,0
BKG1399,2025-08-02,48.0,Male,Mumbai,Darjeeling,Adventure,5,11,27136.0,NetBanking,TravelAgent,0
BKG1400,2024-07-10,20.0,Male,Hyderabad,Kerala,Business,4,12,16399.0,Card,Website,1
BKG1401,2024-03-18,57.0,Male,Bangalore,Darjeeling,Leisure,1,7,14699.0,NetBanking,MobileApp,0
BKG1402,2025-03-21,63.0,Female,Pune,Kerala,Leisure,5,10,20699.0,NetBanking,Website,0
BKG1403,2025-05-29,41.0,Male,Delhi,Agra,Leisure,2,10,25863.0,UPI,MobileApp,0
BKG1404,2024-01-07,67.0,Male,Chennai,Delhi,Business,5,9,11188.0,Card,MobileApp,0
BKG1405,2024-11-29,49.0,Male,Delhi,Darjeeling,Adventure,4,6,38851.0,UPI,Website,0
BKG1406,2025-01-03,,Male,,Delhi,Business,2,2,,Card,MobileApp,1
BKG1407,2024-10-08,39.0,Male,Mumbai,Leh,Business,4,10,21346.0,UPI,Website,1
BKG1408,2024-12-15,,Female,,Goa,Business,2,2,,NetBanking,MobileApp,1
BKG1409,2024-05-29,19.0,Male,Chennai,Goa,Leisure,3,9,24107.0,Card,Website,1
BKG1410,2025-04-05,44.0,Female,Mumbai,Manali,Leisure,1,60,33994.0,Wallet,MobileApp,0
BKG1411,2024-12-18,59.0,Female,Mumbai,Agra,Leisure,1,4,32445.0,NetBanking,Website,1
BKG1412,2025-02-21,19.0,Male,Chennai,Delhi,Leisure,4,12,35585.0,Wallet,MobileApp,0
BKG1413,2024-06-07,43.0,Male,Pune,Jaipur,Adventure,1,8,20196.0,NetBanking,Website,1
BKG1414,2025-01-15,34.0,Male,Pune,Kerala,Leisure,4,8,-4249.0,UPI,MobileApp,1
BKG1415,2025-07-25,57.0,Male,Chennai,Goa,Leisure,4,10,37478.0,Card,TravelAgent,0
BKG1416,2025-04-20,50.0,Female,Hyderabad,Darjeeling,Leisure,4,8,23328.0,NetBanking,TravelAgent,0
BKG1417,2024-07-14,26.0,Male,Mumbai,Kerala,Leisure,1,14,31661.0,UPI,MobileApp,0
BKG1418,2024-05-21,60.0,Male,Mumbai,Kerala,Leisure,4,12,41692.0,Card,MobileApp,0
BKG1419,2025-03-03,65.0,Male,Hyderabad,Manali,Leisure,1,4,49344.0,Card,Website,0
BKG1420,2025-05-11,56.0,Male,Pune,Delhi,Business,4,12,18501.0,NetBanking,Website,1
BKG1421,2024-04-23,46.0,Male,Bangalore,Goa,Leisure,5,14,26339.0,Card,Website,1
BKG1422,2025-09-16,59.0,Male,Bangalore,Kerala,Business,4,14,38668.0,NetBanking,MobileApp,0
BKG1423,2023-09-25,43.0,Female,Bangalore,Goa,Leisure,2,2,16557.0,Card,TravelAgent,0
BKG1424,2023-11-23,52.0,Female,Pune,Jaipur,Leisure,4,9,19178.0,Wallet,Website,0
BKG1425,2025-07-08,67.0,Male,Pune,Manali,Leisure,3,13,19119.0,UPI,TravelAgent,1
BKG1426,2025-01-10,42.0,Male,Hyderabad,Jaipur,Leisure,4,4,24719.0,Wallet,MobileApp,0
BKG1427,2025-03-22,41.0,Male,Mumbai,Goa,Business,2,13,22798.0,NetBanking,MobileApp,0
BKG1428,2024-06-15,30.0,Female,Hyderabad,Leh,Leisure,2,9,150000.0,Wallet,Website,0
BKG1429,2024-09-08,24.0,Male,Hyderabad,Darjeeling,Leisure,1,9,15342.0,NetBanking,Website,0
BKG1430,2025-05-22,53.0,Female,Pune,Goa,Business,5,14,33119.0,Card,MobileApp,0
BKG1431,2024-01-09,62.0,Male,Bangalore,Delhi,Leisure,4,6,38378.0,Card,MobileApp,1
BKG1432,2025-06-18,37.0,Male,Delhi,Kerala,Leisure,1,14,39827.0,NetBanking,Website,0
BKG1433,2024-04-22,18.0,Male,Mumbai,Kerala,Business,5,13,20189.0,Wallet,MobileApp,1
BKG1434,2023-09-17,25.0,Male,Pune,Jaipur,Business,4,14,33537.0,Card,MobileApp,0
BKG1435,2025-08-09,63.0,Female,Bangalore,Darjeeling,Leisure,3,2,27363.0,UPI,MobileApp,1
BKG1436,2025-04-15,33.0,Female,Delhi,Manali,Adventure,4,14,19293.0,Card,TravelAgent,1
BKG1437,2024-06-06,31.0,Male,Delhi,Leh,Business,2,11,32342.0,UPI,Website,0
BKG1438,2024-05-18,29.0,Male,Pune,Agra,Leisure,2,8,18833.0,Wallet,Website,0
BKG1439,2024-11-06,68.0,Female,Chennai,Darjeeling,Business,3,13,21238.0,UPI,MobileApp,0
BKG1440,2024-02-15,40.0,Female,Mumbai,Kerala,Leisure,1,11,11232.0,UPI,Website,1
BKG1441,2025-01-22,32.0,Female,Delhi,Delhi,Leisure,5,6,20357.0,UPI,Website,0
BKG1442,2024-11-23,45.0,Female,Pune,Darjeeling,Leisure,4,9,27538.0,UPI,Website,1
BKG1443,2024-11-20,51.0,Male,Pune,Jaipur,Leisure,2,10,40689.0,Card,Website,0
BKG1444,2025-03-11,19.0,Female,Bangalore,Jaipur,Business,1,12,21465.0,UPI,Website,1
BKG1445,2024-09-30,49.0,Male,Chennai,Agra,Leisure,3,8,14618.0,Card,Website,1
BKG1446,2025-06-12,40.0,Female,Mumbai,Delhi,Business,2,14,39973.0,UPI,Website,1
BKG1447,2025-04-26,39.0,Female,Hyderabad,Manali,Business,3,8,19954.0,NetBanking,Website,0
BKG1448,2025-06-28,68.0,Female,Bangalore,Darjeeling,Leisure,4,2,7516.0,Wallet,MobileApp,0
BKG1449,2024-09-29,42.0,Female,Delhi,Delhi,Business,5,5,26330.0,UPI,MobileApp,1
BKG1450,2025-04-28,,Female,,Manali,Leisure,2,3,,NetBanking,MobileApp,0
BKG1451,2024-06-17,39.0,Male,Bangalore,Delhi,Leisure,2,3,48003.0,UPI,Website,0
BKG1452,2024-07-23,66.0,Male,Pune,Delhi,Business,4,3,29753.0,UPI,Website,0
BKG1453,2024-01-02,69.0,Female,Delhi,Goa,Leisure,1,5,23536.0,UPI,MobileApp,0
BKG1454,2024-07-22,59.0,Female,Chennai,Jaipur,Leisure,5,2,15755.0,NetBanking,MobileApp,0
BKG1455,2024-12-21,23.0,Male,Mumbai,Darjeeling,Leisure,2,5,28301.0,Wallet,MobileApp,0
BKG1456,2024-07-16,32.0,Female,Chennai,Delhi,Leisure,5,3,39567.0,NetBanking,Website,0
BKG1457,2024-08-23,60.0,Female,Delhi,Darjeeling,Leisure,2,6,28118.0,Wallet,TravelAgent,1
BKG1458,2023-12-08,54.0,Male,Hyderabad,Agra,Leisure,5,4,16525.0,UPI,Website,1
BKG1459,2025-08-17,50.0,Female,Mumbai,Delhi,Adventure,3,13,300000.0,Card,Website,1
BKG1460,2025-06-13,25.0,Female,Mumbai,Kerala,Leisure,2,9,24513.0,UPI,MobileApp,1
BKG1461,2025-01-03,61.0,Male,Bangalore,Jaipur,Leisure,5,5,29486.0,Wallet,MobileApp,0
BKG1462,2024-01-26,61.0,Male,Bangalore,Kerala,Leisure,1,2,21451.0,NetBanking,Website,0
BKG1463,2024-01-19,22.0,Male,Hyderabad,Darjeeling,Leisure,3,2,21217.0,UPI,Website,0
BKG1464,2024-02-15,56.0,Female,Pune,Darjeeling,Adventure,3,13,20822.0,NetBanking,MobileApp,0
BKG1465,2024-10-01,21.0,Male,Mumbai,Jaipur,Business,1,11,34422.0,NetBanking,Website,1
BKG1466,2025-01-06,23.0,Male,Hyderabad,Darjeeling,Business,5,4,21317.0,NetBanking,Website,0
BKG1467,2024-11-15,62.0,Male,Bangalore,Kerala,Leisure,4,10,20402.0,UPI,Website,0
BKG1468,2025-05-22,49.0,Male,Bangalore,Delhi,Leisure,1,8,15579.0,NetBanking,MobileApp,0
BKG1469,2023-11-30,69.0,Male,Mumbai,Delhi,Leisure,5,3,29540.0,NetBanking,Website,0
BKG1470,2023-12-13,47.0,Male,Chennai,Goa,Business,1,14,28117.0,UPI,TravelAgent,1
BKG1471,2025-01-21,64.0,Female,Delhi,Agra,Leisure,1,10,20512.0,NetBanking,MobileApp,0
BKG1472,2025-01-07,52.0,Female,Bangalore,Darjeeling,Leisure,2,11,17906.0,UPI,TravelAgent,1
BKG1473,2025-07-24,57.0,Male,Pune,Kerala,Adventure,5,3,43761.0,Wallet,TravelAgent,0
BKG1474,2025-08-04,69.0,Male,Pune,Darjeeling,Leisure,4,4,6195.0,Wallet,Website,0
BKG1475,2023-09-27,33.0,Male,Bangalore,Darjeeling,Leisure,2,12,29931.0,Wallet,Website,1
BKG1476,2023-12-08,30.0,Female,Chennai,Manali,Leisure,1,14,37914.0,NetBanking,Website,0
BKG1477,2024-06-27,67.0,Female,Chennai,Goa,Adventure,1,11,-8868.0,Card,Website,1
BKG1478,2023-10-20,59.0,Female,Hyderabad,Kerala,Leisure,1,3,32941.0,Card,MobileApp,1
BKG1479,2024-07-12,47.0,Female,Pune,Kerala,Business,5,4,22797.0,NetBanking,Website,1
BKG1480,2024-12-06,36.0,Female,Hyderabad,Darjeeling,Business,5,7,27560.0,Card,Website,1
BKG1481,2024-07-22,34.0,Female,Pune,Goa,Leisure,2,10,21767.0,UPI,Website,0
BKG1482,2025-09-03,36.0,Female,Delhi,Delhi,Business,4,10,35753.0,Card,TravelAgent,1
BKG1483,2025-02-15,45.0,Female,Delhi,Kerala,Leisure,2,8,28631.0,NetBanking,Website,0
BKG1484,2024-07-31,43.0,Female,Mumbai,Delhi,Leisure,3,13,26317.0,NetBanking,Website,1
BKG1485,2024-04-20,54.0,Male,Hyderabad,Goa,Business,1,4,16011.0,UPI,Website,1
BKG1486,2024-12-23,43.0,Male,Bangalore,Delhi,Adventure,1,5,43822.0,Wallet,TravelAgent,1
BKG1487,2024-01-18,40.0,Male,Hyderabad,Jaipur,Business,1,7,25099.0,NetBanking,MobileApp,1
BKG1488,2025-06-14,26.0,Male,Bangalore,Manali,Leisure,2,12,47898.0,UPI,Website,0
BKG1489,2025-04-11,29.0,Female,Chennai,Leh,Leisure,2,6,44275.0,Card,Website,1
BKG1490,2024-03-21,,Female,,Kerala,Leisure,1,3,,Card,Website,0
BKG1491,2023-12-10,,Male,,Agra,Leisure,2,14,,UPI,Website,1
BKG1492,2024-06-19,64.0,Female,Delhi,Manali,Leisure,5,7,14630.0,UPI,TravelAgent,1
BKG1493,2024-06-02,51.0,Male,Delhi,Leh,Leisure,5,4,24517.0,NetBanking,MobileApp,0
BKG1494,2025-06-12,49.0,Female,Mumbai,Delhi,Leisure,2,9,26871.0,Card,Website,0
BKG1495,2025-01-02,,Male,,Kerala,Leisure,1,3,,UPI,MobileApp,0
BKG1496,2025-06-29,42.0,Female,Chennai,Delhi,Leisure,2,2,35541.0,Card,Website,1
BKG1497,2025-07-09,57.0,Female,Bangalore,Jaipur,Leisure,2,10,39935.0,UPI,MobileApp,0
BKG1498,2025-01-15,62.0,Male,Delhi,Goa,Business,2,13,34674.0,Card,MobileApp,0
BKG1499,2023-12-31,18.0,Female,Delhi,Kerala,Leisure,3,4,19390.0,Wallet,Website,0
